"urlFile","chunk_id","llmClassification"
"/Users/edwardkwartler/Desktop/GSERM_2025/studentQuestions/insects/MBigger_2012_cocoa_insects.txt",1,"Apis mellifera
Formica polyctena
Giant House Spide"
"/Users/edwardkwartler/Desktop/GSERM_2025/studentQuestions/insects/MBigger_2012_cocoa_insects.txt",2,"Mellifera mellifera
Formica polyctena
Giant House Spide
Pentatomid
Bathycoelia
Coreids
Amblypelta
Xylosandrus
Xyleborus
Arboreal ant
Cerambycidae"
"/Users/edwardkwartler/Desktop/GSERM_2025/studentQuestions/insects/MBigger_2012_cocoa_insects.txt",3,"Acanthocerus sequistriatus
Aderus sp.
Acorynus calcaratus
Acorynus geometricus
Acorynus punctatus
Anisopteromalus calandrae
Apanteles araeceri
Cephalonomia gallicola
Dietopsis metallicipennis
Euthyrrhapha bimaculata
Gibbium psylloides
Henschoutedenia occidentalis
Lasioderma serricorne
Lobopoda sp.
Lystronychus sp.
Mantodea
Monieziella sp.
Paraplecta sp.
Pronauphoeta viridula
Protheca flavitarsis
Tenebroides mauritanicus

Eutetranychus banksi
Eutetranychus tremae
Giant House Spider"
